sequence,class
transact onServiceConnected bindService attachInterface ServiceConnection android.os.Binder ClassLoader Landroid.content.Context.registerReceiver Landroid.content.Context.unregisterReceiver HttpGet.init Ljava.lang.Class.getMethod System.loadLibrary WRITE_HISTORY_BOOKMARKS mount Runtime.getRuntime Ljava.lang.Object.getClass READ_HISTORY_BOOKMARKS INTERNET Binder IBinder android.os.IBinder VIBRATE ACCESS_NETWORK_STATE HttpUriRequest Runtime.exec onBind ACCESS_WIFI_STATE WRITE_EXTERNAL_STORAGE,0
android.os.Binder Ljava.lang.Class.cast GET_ACCOUNTS USE_CREDENTIALS android.content.pm.PackageInfo Ljava.lang.Class.getMethod READ_SYNC_SETTINGS Ljava.lang.Object.getClass Binder IBinder android.os.IBinder ACCESS_NETWORK_STATE HttpPost.init HttpUriRequest WRITE_SETTINGS onBind,0
ClassLoader Ljava.lang.Class.getField Ljava.lang.Class.getDeclaredField android.content.pm.PackageInfo Runtime.getRuntime Ljava.lang.Object.getClass Ljava.lang.Class.forName INTERNET Binder IBinder android.os.IBinder Ljava.lang.Class.getClasses CALL_PHONE,0
transact onServiceConnected bindService attachInterface ServiceConnection android.os.Binder READ_PHONE_STATE Landroid.content.Context.registerReceiver Landroid.content.Context.unregisterReceiver Ljava.lang.Class.getDeclaredField android.content.pm.PackageInfo System.loadLibrary Runtime.getRuntime INTERNET Binder IBinder android.os.IBinder android.intent.action.PACKAGE_REMOVED Ljava.lang.Class.getPackage TelephonyManager.getSimSerialNumber READ_EXTERNAL_STORAGE VIBRATE ACCESS_NETWORK_STATE HttpPost.init HttpUriRequest BIND_INPUT_METHOD TelephonyManager.getNetworkOperator TelephonyManager.getSimOperator onBind READ_CONTACTS,0
transact onServiceConnected bindService attachInterface ServiceConnection android.os.Binder Ljava.lang.Class.getField Ljavax.crypto.spec.SecretKeySpec android.content.pm.PackageInfo KeySpec HttpGet.init SecretKey Ljavax.crypto.Cipher Ljava.lang.Object.getClass INTERNET Binder IBinder android.os.IBinder WAKE_LOCK ACCESS_NETWORK_STATE HttpPost.init HttpUriRequest onBind READ_CONTACTS,0
transact onServiceConnected bindService attachInterface ServiceConnection android.os.Binder Landroid.content.Context.registerReceiver Landroid.content.Context.unregisterReceiver android.content.pm.PackageInfo System.loadLibrary mount Ljava.lang.Object.getClass INTERNET Binder IBinder android.os.IBinder WAKE_LOCK Ljava.lang.Class.getPackage ACCESS_NETWORK_STATE onBind CHANGE_WIFI_STATE ACCESS_WIFI_STATE WRITE_EXTERNAL_STORAGE,0
READ_PHONE_STATE ClassLoader Ljava.lang.Class.getDeclaredField android.intent.action.BOOT_COMPLETED TelephonyManager.getLine1Number WRITE_HISTORY_BOOKMARKS mount Ljava.lang.Object.getClass READ_HISTORY_BOOKMARKS Ljava.lang.Class.forName INTERNET Binder IBinder android.os.IBinder TelephonyManager.getDeviceId RECEIVE_BOOT_COMPLETED Ljava.lang.Class.getPackage VIBRATE ACCESS_NETWORK_STATE HttpPost.init HttpUriRequest ACCESS_COARSE_LOCATION TelephonyManager.getNetworkOperator TelephonyManager.getSimOperator onBind Ljava.lang.Class.getResource findClass ACCESS_WIFI_STATE WRITE_EXTERNAL_STORAGE ACCESS_FINE_LOCATION,1
transact onServiceConnected bindService attachInterface ServiceConnection android.os.Binder ClassLoader Ljava.lang.Class.getField android.content.pm.PackageInfo Ljava.lang.Class.getMethod Ljava.lang.Object.getClass Ljava.lang.Class.forName Binder IBinder android.os.IBinder NFC MODIFY_AUDIO_SETTINGS BROADCAST_STICKY WAKE_LOCK BLUETOOTH VIBRATE ACCESS_NETWORK_STATE WRITE_SETTINGS BLUETOOTH_ADMIN onBind SYSTEM_ALERT_WINDOW,0
CAMERA Binder IBinder android.os.IBinder WAKE_LOCK BLUETOOTH VIBRATE WRITE_SETTINGS BLUETOOTH_ADMIN DEVICE_POWER WRITE_EXTERNAL_STORAGE WRITE_SECURE_SETTINGS,0
READ_PHONE_STATE ClassLoader Ljava.lang.Class.getField Ljava.lang.Class.getDeclaredField android.content.pm.PackageInfo HttpGet.init System.loadLibrary TelephonyManager.getSubscriberId mount Runtime.getRuntime Ljava.lang.Object.getClass Ljava.lang.Class.forName INTERNET Binder IBinder android.os.IBinder TelephonyManager.getDeviceId WAKE_LOCK Ljava.lang.Class.getPackage TelephonyManager.getSimSerialNumber ACCESS_NETWORK_STATE HttpPost.init HttpUriRequest Runtime.exec TelephonyManager.getNetworkOperator Ljava.lang.Class.getResource findClass,1
transact attachInterface android.os.Binder READ_PHONE_STATE ClassLoader Landroid.content.Context.registerReceiver Ljava.lang.Class.getField Landroid.content.Context.unregisterReceiver android.intent.action.BOOT_COMPLETED android.content.pm.PackageInfo Ljava.lang.Class.getMethod Ljava.lang.Object.getClass Ljava.lang.Class.forName INTERNET Binder IBinder android.os.IBinder BIND_REMOTEVIEWS android.intent.action.TIME_SET android.intent.action.TIMEZONE_CHANGED WAKE_LOCK RECEIVE_BOOT_COMPLETED TelephonyManager.getCallState READ_EXTERNAL_STORAGE VIBRATE android.intent.action.ACTION_SHUTDOWN ACCESS_NETWORK_STATE TelephonyManager.isNetworkRoaming GET_TASKS SET_TIME WRITE_SETTINGS SET_ALARM CHANGE_NETWORK_STATE onBind android.intent.action.SCREEN_ON SET_TIME_ZONE CHANGE_WIFI_STATE DISABLE_KEYGUARD READ_CONTACTS DEVICE_POWER ACCESS_WIFI_STATE,0
transact onServiceConnected bindService attachInterface ServiceConnection android.os.Binder Ljava.net.URLDecoder READ_PHONE_STATE ClassLoader Landroid.content.Context.registerReceiver Landroid.content.Context.unregisterReceiver GET_ACCOUNTS getCallingUid Ljavax.crypto.spec.SecretKeySpec MANAGE_ACCOUNTS android.content.pm.PackageInfo KeySpec HttpGet.init SecretKey Ljava.lang.Class.getMethod System.loadLibrary Ljavax.crypto.Cipher READ_SYNC_SETTINGS AUTHENTICATE_ACCOUNTS mount Runtime.getRuntime Ljava.lang.Object.getClass Ljava.lang.Class.forName INTERNET Binder IBinder android.os.IBinder TelephonyManager.getDeviceId Ljava.lang.Class.getPackage ACCESS_NETWORK_STATE HttpPost.init HttpUriRequest GET_TASKS Runtime.exec onBind ProcessBuilder READ_LOGS WRITE_EXTERNAL_STORAGE,0
ClassLoader Landroid.content.Context.registerReceiver Ljava.lang.Class.getField Landroid.content.Context.unregisterReceiver Ljava.lang.Class.getDeclaredField android.content.pm.PackageInfo Ljava.lang.Class.getMethod System.loadLibrary mount Ljava.lang.Object.getClass Ljava.lang.Class.forName INTERNET WAKE_LOCK,0
System.loadLibrary mount Binder IBinder android.os.IBinder VIBRATE BIND_INPUT_METHOD,0
INTERNET ACCESS_NETWORK_STATE,0
Landroid.content.Context.registerReceiver Landroid.content.Context.unregisterReceiver android.content.pm.PackageInfo mount Ljava.lang.Object.getClass INTERNET WAKE_LOCK CHANGE_WIFI_STATE ACCESS_WIFI_STATE WRITE_EXTERNAL_STORAGE,1
transact onServiceConnected bindService attachInterface ServiceConnection android.os.Binder Ljava.lang.Class.getCanonicalName Ljava.lang.Class.cast android.content.pm.Signature READ_PHONE_STATE getBinder ClassLoader Landroid.content.Context.registerReceiver Ljava.lang.Class.getField Landroid.content.Context.unregisterReceiver GET_ACCOUNTS Ljava.lang.Class.getDeclaredField getCallingUid Ljavax.crypto.spec.SecretKeySpec android.intent.action.BOOT_COMPLETED USE_CREDENTIALS MANAGE_ACCOUNTS android.content.pm.PackageInfo KeySpec DexClassLoader HttpGet.init SecretKey Ljava.lang.Class.getMethod System.loadLibrary android.intent.action.SEND Ljavax.crypto.Cipher mount Runtime.getRuntime Ljava.lang.Object.getClass Ljava.lang.Class.forName INTERNET Binder android.intent.action.SEND_MULTIPLE IBinder android.os.IBinder BIND_REMOTEVIEWS TelephonyManager.getDeviceId WAKE_LOCK RECEIVE_BOOT_COMPLETED ACCESS_NETWORK_STATE HttpPost.init HttpUriRequest GET_TASKS WRITE_USER_DICTIONARY REORDER_TASKS TelephonyManager.getNetworkOperator CHANGE_NETWORK_STATE onBind ProcessBuilder Ljava.lang.Class.getResource CHANGE_WIFI_STATE ACCESS_WIFI_STATE WRITE_EXTERNAL_STORAGE,0
transact onServiceConnected bindService attachInterface ServiceConnection android.os.Binder Ljava.lang.Class.getCanonicalName Ljava.lang.Class.cast Ljava.net.URLDecoder android.content.pm.Signature READ_PHONE_STATE ClassLoader Ljava.lang.Class.getField GET_ACCOUNTS Ljava.lang.Class.getDeclaredField Ljavax.crypto.spec.SecretKeySpec android.intent.action.BOOT_COMPLETED USE_CREDENTIALS MANAGE_ACCOUNTS android.content.pm.PackageInfo KeySpec HttpGet.init SecretKey Ljava.lang.Class.getMethod Ljavax.crypto.Cipher mount Ljava.lang.Object.getClass Ljava.lang.Class.forName INTERNET Binder IBinder android.os.IBinder URLClassLoader TelephonyManager.getDeviceId WAKE_LOCK RECEIVE_BOOT_COMPLETED Ljava.lang.Class.getPackage VIBRATE ACCESS_NETWORK_STATE HttpPost.init HttpUriRequest GET_TASKS REORDER_TASKS TelephonyManager.getNetworkOperator onBind ProcessBuilder Ljava.lang.Class.getResource ACCESS_WIFI_STATE WRITE_EXTERNAL_STORAGE,0
transact onServiceConnected bindService attachInterface ServiceConnection android.os.Binder getCallingUid android.content.pm.PackageInfo Binder IBinder android.os.IBinder onBind,0
transact onServiceConnected bindService attachInterface ServiceConnection android.os.Binder Ljava.lang.Class.getCanonicalName Ljava.lang.Class.getMethods Ljava.lang.Class.cast Ljava.net.URLDecoder android.content.pm.Signature getBinder ClassLoader Landroid.content.Context.registerReceiver Ljava.lang.Class.getField Landroid.content.Context.unregisterReceiver GET_ACCOUNTS Ljava.lang.Class.getDeclaredField READ_SMS getCallingUid Ljavax.crypto.spec.SecretKeySpec android.content.pm.PackageInfo KeySpec DexClassLoader HttpGet.init SecretKey Ljava.lang.Class.getMethod Ljavax.crypto.Cipher mount Runtime.getRuntime Ljava.lang.Object.getClass Ljava.lang.Class.forName INTERNET Binder IBinder android.os.IBinder TelephonyManager.getDeviceId WAKE_LOCK Ljava.lang.Class.getPackage READ_CALL_LOG VIBRATE ACCESS_NETWORK_STATE HttpPost.init Ljava.lang.Class.getClasses HttpUriRequest SET_WALLPAPER Runtime.exec WRITE_SETTINGS TelephonyManager.getNetworkOperator STATUS_BAR onBind CALL_PHONE READ_LOGS Ljava.lang.Class.getResource findClass EXPAND_STATUS_BAR READ_CONTACTS WRITE_EXTERNAL_STORAGE SET_WALLPAPER_HINTS,0
SEND_SMS READ_PHONE_STATE RECEIVE_SMS READ_SMS android.intent.action.BOOT_COMPLETED WRITE_SMS INTERNET WAKE_LOCK RECEIVE_BOOT_COMPLETED VIBRATE ACCESS_NETWORK_STATE android.intent.action.BATTERY_OKAY CALL_PHONE android.intent.action.BATTERY_LOW WRITE_CONTACTS DISABLE_KEYGUARD READ_CONTACTS,1
Ljavax.crypto.spec.SecretKeySpec KeySpec SecretKey android.intent.action.SEND Ljavax.crypto.Cipher mount Ljava.lang.Object.getClass INTERNET Binder IBinder android.os.IBinder READ_EXTERNAL_STORAGE ACCESS_NETWORK_STATE HttpPost.init GET_TASKS,0
transact onServiceConnected bindService attachInterface ServiceConnection android.os.Binder Ljava.lang.Class.getCanonicalName Ljava.lang.Class.getMethods Ljava.lang.Class.cast Ljava.net.URLDecoder android.content.pm.Signature getBinder ClassLoader Landroid.content.Context.registerReceiver Ljava.lang.Class.getField Landroid.content.Context.unregisterReceiver GET_ACCOUNTS Ljava.lang.Class.getDeclaredField Ljavax.crypto.spec.SecretKeySpec android.content.pm.PackageInfo KeySpec DexClassLoader SecretKey Ljava.lang.Class.getMethod System.loadLibrary Ljavax.crypto.Cipher mount Runtime.getRuntime Ljava.lang.Object.getClass Ljava.lang.Class.forName INTERNET Binder IBinder android.os.IBinder WAKE_LOCK ACCESS_NETWORK_STATE TelephonyManager.getNetworkOperator onBind ACCESS_WIFI_STATE,0
transact attachInterface android.os.Binder Ljava.lang.Class.getCanonicalName Ljava.lang.Class.getMethods Ljava.lang.Class.cast Ljava.net.URLDecoder android.content.pm.Signature READ_PHONE_STATE ClassLoader Landroid.content.Context.registerReceiver Ljava.lang.Class.getField Landroid.content.Context.unregisterReceiver Ljava.lang.Class.getDeclaredField Ljavax.crypto.spec.SecretKeySpec android.content.pm.PackageInfo KeySpec TelephonyManager.getLine1Number HttpGet.init SecretKey Ljava.lang.Class.getMethod Ljavax.crypto.Cipher mount Runtime.getRuntime Ljava.lang.Object.getClass Ljava.lang.Class.forName INTERNET Binder IBinder android.os.IBinder TelephonyManager.getDeviceId WAKE_LOCK TelephonyManager.getSimCountryIso VIBRATE ACCESS_NETWORK_STATE HttpPost.init HttpUriRequest ACCESS_COARSE_LOCATION TelephonyManager.getNetworkOperator Ljava.lang.Class.getResource CHANGE_WIFI_STATE ACCESS_WIFI_STATE WRITE_EXTERNAL_STORAGE,0
Ljava.lang.Class.cast READ_PHONE_STATE Ljava.lang.Class.getField Ljava.lang.Class.getDeclaredField Ljava.lang.Class.getMethod Runtime.getRuntime Ljava.lang.Object.getClass Ljava.lang.Class.forName INTERNET TelephonyManager.getDeviceId WAKE_LOCK VIBRATE ACCESS_NETWORK_STATE HttpPost.init HttpUriRequest ACCESS_WIFI_STATE,1
transact onServiceConnected bindService attachInterface ServiceConnection android.os.Binder ClassLoader Landroid.content.Context.registerReceiver Landroid.content.Context.unregisterReceiver mount Binder RECORD_AUDIO IBinder android.os.IBinder MODIFY_AUDIO_SETTINGS,0
transact onServiceConnected bindService attachInterface ServiceConnection android.os.Binder Ljava.lang.Class.getCanonicalName Ljava.lang.Class.getMethods Ljava.lang.Class.cast Ljava.net.URLDecoder android.content.pm.Signature READ_PHONE_STATE getBinder ClassLoader Landroid.content.Context.registerReceiver Ljava.lang.Class.getField Landroid.content.Context.unregisterReceiver GET_ACCOUNTS Ljava.lang.Class.getDeclaredField Ljavax.crypto.spec.SecretKeySpec android.content.pm.PackageInfo KeySpec DexClassLoader HttpGet.init SecretKey Ljava.lang.Class.getMethod System.loadLibrary android.intent.action.SEND Ljavax.crypto.Cipher mount Runtime.getRuntime Ljava.lang.Object.getClass Ljava.lang.Class.forName INTERNET Binder IBinder android.os.IBinder BIND_REMOTEVIEWS TelephonyManager.getDeviceId getCallingPid android.intent.action.PACKAGE_REMOVED WAKE_LOCK Ljava.lang.Class.getPackage ACCESS_NETWORK_STATE HttpPost.init HttpUriRequest Runtime.exec TelephonyManager.getNetworkOperator /system/app TelephonyManager.getSimOperator onBind Ljava.lang.Class.getResource findClass READ_CONTACTS WRITE_EXTERNAL_STORAGE,0
Ljava.lang.Class.getMethods Ljava.net.URLDecoder android.content.pm.Signature android.telephony.SmsManager READ_PHONE_STATE ClassLoader Landroid.content.Context.registerReceiver Ljava.lang.Class.getField Landroid.content.Context.unregisterReceiver Ljava.lang.Class.getDeclaredField Ljavax.crypto.spec.SecretKeySpec android.content.pm.PackageInfo KeySpec TelephonyManager.getLine1Number DexClassLoader HttpGet.init SecretKey Ljava.lang.Class.getMethod Ljavax.crypto.Cipher TelephonyManager.getSubscriberId mount Runtime.getRuntime Ljava.lang.Object.getClass Ljava.lang.Class.forName INTERNET Binder IBinder android.os.IBinder TelephonyManager.getDeviceId WAKE_LOCK Ljava.lang.Class.getPackage chmod TelephonyManager.getSimSerialNumber READ_EXTERNAL_STORAGE VIBRATE ACCESS_NETWORK_STATE HttpPost.init TelephonyManager.isNetworkRoaming HttpUriRequest GET_TASKS divideMessage Runtime.exec ACCESS_COARSE_LOCATION TelephonyManager.getNetworkOperator TelephonyManager.getSimOperator onBind Ljava.lang.Class.getResource SYSTEM_ALERT_WINDOW ACCESS_WIFI_STATE WRITE_EXTERNAL_STORAGE ACCESS_FINE_LOCATION,1
transact onServiceConnected bindService attachInterface ServiceConnection android.os.Binder Landroid.content.Context.registerReceiver Ljava.lang.Class.getField Landroid.content.Context.unregisterReceiver Ljava.lang.Object.getClass Binder IBinder android.os.IBinder GET_TASKS REORDER_TASKS onBind BIND_APPWIDGET SYSTEM_ALERT_WINDOW READ_FRAME_BUFFER,0
transact onServiceConnected bindService attachInterface ServiceConnection android.os.Binder Ljava.net.URLDecoder Ljava.lang.Class.getField Ljava.lang.Class.getDeclaredField Ljavax.crypto.spec.SecretKeySpec android.content.pm.PackageInfo KeySpec HttpGet.init SecretKey Ljava.lang.Class.getMethod System.loadLibrary android.intent.action.SEND Ljavax.crypto.Cipher mount Runtime.getRuntime Ljava.lang.Object.getClass READ_HISTORY_BOOKMARKS Ljava.lang.Class.forName INTERNET Binder IBinder android.os.IBinder HttpPost.init HttpUriRequest ACCESS_COARSE_LOCATION onBind ACCESS_WIFI_STATE WRITE_EXTERNAL_STORAGE ACCESS_FINE_LOCATION,0
transact onServiceConnected bindService attachInterface ServiceConnection android.os.Binder Ljava.lang.Class.getCanonicalName Ljava.lang.Class.cast android.content.pm.Signature READ_PHONE_STATE getBinder ClassLoader Landroid.content.Context.registerReceiver Ljava.lang.Class.getField GET_ACCOUNTS Ljava.lang.Class.getDeclaredField android.intent.action.BOOT_COMPLETED android.content.pm.PackageInfo HttpGet.init Ljava.lang.Class.getMethod mount Runtime.getRuntime Ljava.lang.Object.getClass Ljava.lang.Class.forName INTERNET Binder IBinder android.os.IBinder WAKE_LOCK RECEIVE_BOOT_COMPLETED VIBRATE ACCESS_NETWORK_STATE HttpPost.init HttpUriRequest ACCESS_COARSE_LOCATION WRITE_EXTERNAL_STORAGE ACCESS_FINE_LOCATION,0
transact onServiceConnected bindService attachInterface ServiceConnection android.os.Binder ClassLoader Landroid.content.Context.registerReceiver Ljava.lang.Class.getField Landroid.content.Context.unregisterReceiver Ljava.lang.Class.getDeclaredField android.intent.action.BOOT_COMPLETED android.content.pm.PackageInfo System.loadLibrary Ljava.lang.Object.getClass Ljava.lang.Class.forName INTERNET Binder IBinder android.os.IBinder android.intent.action.TIME_SET android.intent.action.TIMEZONE_CHANGED WAKE_LOCK RECEIVE_BOOT_COMPLETED READ_EXTERNAL_STORAGE ACCESS_NETWORK_STATE GET_TASKS onBind WRITE_EXTERNAL_STORAGE,0
transact onServiceConnected bindService attachInterface ServiceConnection android.os.Binder Ljava.lang.Class.getCanonicalName Ljava.lang.Class.getMethods Ljava.lang.Class.cast Ljava.net.URLDecoder android.content.pm.Signature getBinder ClassLoader Landroid.content.Context.registerReceiver Ljava.lang.Class.getField Landroid.content.Context.unregisterReceiver Ljava.lang.Class.getDeclaredField getCallingUid Ljavax.crypto.spec.SecretKeySpec android.intent.action.BOOT_COMPLETED android.content.pm.PackageInfo KeySpec DexClassLoader HttpGet.init SecretKey Ljava.lang.Class.getMethod Ljavax.crypto.Cipher mount Runtime.getRuntime Ljava.lang.Object.getClass Ljava.lang.Class.forName INTERNET Binder IBinder android.os.IBinder Ljava.lang.Class.getPackage ACCESS_NETWORK_STATE HttpPost.init HttpUriRequest TelephonyManager.getNetworkOperator onBind Ljava.lang.Class.getResource WRITE_EXTERNAL_STORAGE,0
SEND_SMS Ljava.lang.Class.getMethods Ljava.net.URLDecoder READ_PHONE_STATE Ljava.lang.Class.getField GET_ACCOUNTS RECEIVE_SMS USE_CREDENTIALS MANAGE_ACCOUNTS android.content.pm.PackageInfo KeySpec HttpGet.init SecretKey Ljava.lang.Class.getMethod Ljavax.crypto.Cipher READ_SYNC_SETTINGS INSTALL_PACKAGES Ljava.lang.Object.getClass WRITE_SYNC_SETTINGS Ljava.lang.Class.forName INTERNET WRITE_APN_SETTINGS MODIFY_AUDIO_SETTINGS WAKE_LOCK TelephonyManager.getSimSerialNumber BLUETOOTH VIBRATE ACCESS_NETWORK_STATE HttpUriRequest BATTERY_STATS ACCESS_COARSE_LOCATION WRITE_SETTINGS REBOOT BLUETOOTH_ADMIN CHANGE_NETWORK_STATE CALL_PHONE CHANGE_WIFI_STATE DISABLE_KEYGUARD ACCESS_WIFI_STATE WRITE_EXTERNAL_STORAGE ACCESS_FINE_LOCATION,0
android.intent.action.BOOT_COMPLETED android.content.pm.PackageInfo mount Runtime.getRuntime INTERNET Binder IBinder android.os.IBinder RECEIVE_BOOT_COMPLETED chmod remount ACCESS_NETWORK_STATE chown Runtime.exec /system/bin /system/app onBind WRITE_EXTERNAL_STORAGE,1
transact onServiceConnected bindService attachInterface ServiceConnection android.os.Binder Ljava.lang.Class.getCanonicalName Ljava.lang.Class.getMethods Ljava.lang.Class.cast Ljava.net.URLDecoder android.content.pm.Signature ClassLoader Landroid.content.Context.registerReceiver Ljava.lang.Class.getField Ljava.lang.Class.getDeclaredField Ljavax.crypto.spec.SecretKeySpec android.intent.action.BOOT_COMPLETED android.content.pm.PackageInfo KeySpec HttpGet.init SecretKey Ljava.lang.Class.getMethod Ljavax.crypto.Cipher mount Runtime.getRuntime Ljava.lang.Object.getClass Ljava.lang.Class.forName INTERNET Binder IBinder android.os.IBinder RECEIVE_BOOT_COMPLETED Ljava.lang.Class.getPackage READ_EXTERNAL_STORAGE ACCESS_NETWORK_STATE HttpPost.init HttpUriRequest Runtime.exec onBind Ljava.lang.Class.getResource WRITE_EXTERNAL_STORAGE,0
Ljava.net.URLDecoder android.content.pm.Signature android.telephony.SmsManager READ_PHONE_STATE Landroid.content.Context.registerReceiver Ljava.lang.Class.getField Landroid.content.Context.unregisterReceiver Ljava.lang.Class.getDeclaredField Ljavax.crypto.spec.SecretKeySpec android.intent.action.BOOT_COMPLETED android.content.pm.PackageInfo KeySpec TelephonyManager.getLine1Number HttpGet.init SecretKey Ljava.lang.Class.getMethod System.loadLibrary Ljavax.crypto.Cipher WRITE_HISTORY_BOOKMARKS TelephonyManager.getSubscriberId mount Ljava.lang.Object.getClass READ_HISTORY_BOOKMARKS Ljava.lang.Class.forName INTERNET Binder IBinder android.os.IBinder ACCESS_LOCATION_EXTRA_COMMANDS TelephonyManager.getDeviceId RECEIVE_BOOT_COMPLETED android.intent.action.PACKAGE_ADDED TelephonyManager.getSimSerialNumber TelephonyManager.getCallState READ_EXTERNAL_STORAGE PackageInstaller VIBRATE ACCESS_NETWORK_STATE HttpPost.init TelephonyManager.isNetworkRoaming HttpUriRequest ACCESS_COARSE_LOCATION TelephonyManager.getNetworkOperator /system/bin TelephonyManager.getSimOperator onBind ProcessBuilder Ljava.lang.Class.getResource CHANGE_WIFI_STATE ACCESS_WIFI_STATE WRITE_EXTERNAL_STORAGE ACCESS_FINE_LOCATION,1
SEND_SMS READ_PHONE_STATE Landroid.content.Context.registerReceiver Ljava.lang.Class.getField RECEIVE_SMS android.intent.action.BOOT_COMPLETED Ljava.lang.Class.getMethod INSTALL_PACKAGES Ljava.lang.Class.forName INTERNET Binder IBinder android.os.IBinder abortBroadcast RECEIVE_BOOT_COMPLETED ACCESS_NETWORK_STATE ACCESS_COARSE_LOCATION WRITE_SETTINGS SET_ALARM onBind SYSTEM_ALERT_WINDOW WRITE_EXTERNAL_STORAGE ACCESS_FINE_LOCATION WRITE_SECURE_SETTINGS,1
transact onServiceConnected bindService attachInterface ServiceConnection android.os.Binder SEND_SMS Ljava.lang.Class.getCanonicalName Ljava.lang.Class.getMethods Ljava.lang.Class.cast Ljava.net.URLDecoder android.content.pm.Signature android.telephony.SmsManager READ_PHONE_STATE getBinder ClassLoader Landroid.content.Context.registerReceiver Ljava.lang.Class.getField Landroid.content.Context.unregisterReceiver GET_ACCOUNTS RECEIVE_SMS Ljava.lang.Class.getDeclaredField READ_SMS android.intent.action.BOOT_COMPLETED USE_CREDENTIALS android.content.pm.PackageInfo KeySpec TelephonyManager.getLine1Number DexClassLoader HttpGet.init SecretKey Ljava.lang.Class.getMethod System.loadLibrary Ljavax.crypto.Cipher WRITE_SMS android.telephony.gsm.SmsManager WRITE_HISTORY_BOOKMARKS TelephonyManager.getSubscriberId mount Runtime.getRuntime CAMERA Ljava.lang.Object.getClass WRITE_SYNC_SETTINGS READ_HISTORY_BOOKMARKS Ljava.lang.Class.forName INTERNET android.intent.action.PACKAGE_REPLACED Binder IBinder android.os.IBinder abortBroadcast android.intent.action.TIME_SET TelephonyManager.getDeviceId getCallingPid android.intent.action.PACKAGE_REMOVED android.intent.action.TIMEZONE_CHANGED WAKE_LOCK RECEIVE_BOOT_COMPLETED RESTART_PACKAGES android.intent.action.ACTION_POWER_DISCONNECTED android.intent.action.PACKAGE_ADDED TelephonyManager.getSimSerialNumber TelephonyManager.getCallState READ_CALL_LOG READ_EXTERNAL_STORAGE TelephonyManager.getSimCountryIso sendMultipartTextMessage VIBRATE android.intent.action.ACTION_SHUTDOWN ACCESS_NETWORK_STATE HttpPost.init TelephonyManager.isNetworkRoaming android.intent.action.PACKAGE_DATA_CLEARED HttpUriRequest WRITE_CALL_LOG DELETE_PACKAGES GET_TASKS android.intent.action.NEW_OUTGOING_CALL REORDER_TASKS divideMessage PROCESS_OUTGOING_CALLS Runtime.exec ACCESS_COARSE_LOCATION WRITE_SETTINGS TelephonyManager.getNetworkOperator BIND_DEVICE_ADMIN KILL_BACKGROUND_PROCESSES /system/app TelephonyManager.getSimOperator onBind RECEIVE_MMS CONTROL_LOCATION_UPDATES CALL_PHONE READ_LOGS android.intent.action.PACKAGE_RESTARTED MOUNT_UNMOUNT_FILESYSTEMS SYSTEM_ALERT_WINDOW MOUNT_FORMAT_FILESYSTEMS CHANGE_WIFI_STATE BROADCAST_SMS android.intent.action.BATTERY_LOW WRITE_CONTACTS android.intent.action.ACTION_POWER_CONNECTED DISABLE_KEYGUARD MODIFY_PHONE_STATE READ_CONTACTS ACCESS_WIFI_STATE WRITE_EXTERNAL_STORAGE ACCESS_FINE_LOCATION WRITE_SECURE_SETTINGS,0
transact onServiceConnected bindService attachInterface ServiceConnection android.os.Binder Ljava.lang.Class.getCanonicalName Ljava.lang.Class.getMethods Ljava.lang.Class.cast Ljava.net.URLDecoder android.content.pm.Signature READ_PHONE_STATE getBinder ClassLoader Landroid.content.Context.registerReceiver Ljava.lang.Class.getField Landroid.content.Context.unregisterReceiver GET_ACCOUNTS Ljava.lang.Class.getDeclaredField Ljavax.crypto.spec.SecretKeySpec android.content.pm.PackageInfo KeySpec DexClassLoader SecretKey Ljava.lang.Class.getMethod System.loadLibrary android.intent.action.SEND Ljavax.crypto.Cipher mount Runtime.getRuntime CAMERA Ljava.lang.Object.getClass Ljava.lang.Class.forName INTERNET Binder IBinder android.os.IBinder TelephonyManager.getDeviceId WAKE_LOCK Ljava.lang.Class.getPackage PathClassLoader ACCESS_NETWORK_STATE HttpPost.init HttpUriRequest SET_WALLPAPER BIND_WALLPAPER ACCESS_COARSE_LOCATION TelephonyManager.getNetworkOperator onBind Ljava.lang.Class.getResource ACCESS_WIFI_STATE WRITE_EXTERNAL_STORAGE ACCESS_FINE_LOCATION,0
android.content.pm.PackageInfo HttpGet.init mount Ljava.lang.Object.getClass Ljava.lang.Class.forName INTERNET ACCESS_NETWORK_STATE HttpPost.init HttpUriRequest ACCESS_COARSE_LOCATION,0
SEND_SMS READ_PHONE_STATE RECEIVE_SMS READ_SMS android.content.pm.PackageInfo TelephonyManager.getLine1Number WRITE_SMS android.telephony.gsm.SmsManager TelephonyManager.getSubscriberId mount Runtime.getRuntime Ljava.lang.Object.getClass WRITE_SYNC_SETTINGS INTERNET Binder IBinder android.os.IBinder WRITE_APN_SETTINGS abortBroadcast TelephonyManager.getDeviceId RECEIVE_BOOT_COMPLETED VIBRATE ACCESS_NETWORK_STATE HttpPost.init WRITE_CALENDAR HttpUriRequest RECEIVE_WAP_PUSH ACCESS_COARSE_LOCATION WRITE_SETTINGS TelephonyManager.getNetworkOperator CHANGE_NETWORK_STATE onBind ProcessBuilder WRITE_CONTACTS READ_CONTACTS ACCESS_WIFI_STATE WRITE_EXTERNAL_STORAGE ACCESS_FINE_LOCATION,1
Ljavax.crypto.spec.SecretKeySpec android.content.pm.PackageInfo KeySpec HttpGet.init SecretKey Ljava.lang.Class.getMethod System.loadLibrary android.intent.action.SEND Ljavax.crypto.Cipher TelephonyManager.getSubscriberId mount Ljava.lang.Object.getClass Ljava.lang.Class.forName INTERNET Binder IBinder android.os.IBinder ACCESS_NETWORK_STATE HttpPost.init HttpUriRequest onBind ProcessBuilder WRITE_EXTERNAL_STORAGE,0
transact onServiceConnected bindService attachInterface ServiceConnection android.os.Binder Ljava.lang.Class.getCanonicalName Ljava.lang.Class.getMethods Ljava.lang.Class.cast Ljava.net.URLDecoder android.content.pm.Signature ClassLoader Landroid.content.Context.registerReceiver Ljava.lang.Class.getField Landroid.content.Context.unregisterReceiver GET_ACCOUNTS Ljava.lang.Class.getDeclaredField getCallingUid Ljavax.crypto.spec.SecretKeySpec USE_CREDENTIALS MANAGE_ACCOUNTS android.content.pm.PackageInfo KeySpec HttpGet.init SecretKey Ljava.lang.Class.getMethod Ljavax.crypto.Cipher AUTHENTICATE_ACCOUNTS mount Runtime.getRuntime Ljava.lang.Object.getClass Ljava.lang.Class.forName INTERNET Binder IBinder android.os.IBinder URLClassLoader TelephonyManager.getDeviceId getCallingPid WAKE_LOCK Ljava.lang.Class.getPackage chmod ACCESS_NETWORK_STATE HttpPost.init Ljava.lang.Class.getClasses HttpUriRequest Runtime.exec ACCESS_COARSE_LOCATION TelephonyManager.getNetworkOperator /system/app CALL_PHONE Ljava.lang.Class.getResource defineClass findClass WRITE_EXTERNAL_STORAGE ACCESS_FINE_LOCATION,0
transact onServiceConnected bindService attachInterface ServiceConnection android.os.Binder READ_PHONE_STATE Landroid.content.Context.registerReceiver Landroid.content.Context.unregisterReceiver android.intent.action.BOOT_COMPLETED android.content.pm.PackageInfo TelephonyManager.getLine1Number HttpGet.init Ljava.lang.Class.getMethod TelephonyManager.getSubscriberId mount Runtime.getRuntime Ljava.lang.Object.getClass Ljava.lang.Class.forName INTERNET Binder IBinder android.os.IBinder TelephonyManager.getDeviceId RECEIVE_BOOT_COMPLETED chmod TelephonyManager.getSimSerialNumber VIBRATE ACCESS_NETWORK_STATE HttpPost.init HttpUriRequest GET_TASKS Runtime.exec ACCESS_COARSE_LOCATION onBind ACCESS_WIFI_STATE WRITE_EXTERNAL_STORAGE,1
READ_PHONE_STATE Landroid.content.Context.registerReceiver android.intent.action.BOOT_COMPLETED android.content.pm.PackageInfo HttpGet.init mount INTERNET Binder IBinder android.os.IBinder TelephonyManager.getDeviceId RECEIVE_BOOT_COMPLETED ACCESS_NETWORK_STATE HttpUriRequest onBind WRITE_EXTERNAL_STORAGE,1
transact onServiceConnected bindService attachInterface ServiceConnection android.os.Binder Ljava.lang.Class.getCanonicalName Ljava.lang.Class.getMethods Ljava.lang.Class.cast Ljava.net.URLDecoder android.content.pm.Signature ClassLoader Landroid.content.Context.registerReceiver Ljava.lang.Class.getField Landroid.content.Context.unregisterReceiver Ljava.lang.Class.getDeclaredField getCallingUid Ljavax.crypto.spec.SecretKeySpec android.intent.action.BOOT_COMPLETED android.content.pm.PackageInfo KeySpec DexClassLoader SecretKey Ljava.lang.Class.getMethod Ljavax.crypto.Cipher Ljava.lang.Object.getClass Ljava.lang.Class.forName INTERNET Binder IBinder android.os.IBinder RECEIVE_BOOT_COMPLETED ACCESS_NETWORK_STATE TelephonyManager.getNetworkOperator onBind GET_PACKAGE_SIZE CLEAR_APP_CACHE,0
android.os.Binder getCallingUid Binder READ_EXTERNAL_STORAGE,0
READ_PHONE_STATE ClassLoader Ljava.lang.Class.getField Ljava.lang.Class.getDeclaredField android.intent.action.BOOT_COMPLETED TelephonyManager.getLine1Number Ljava.lang.Class.getMethod System.loadLibrary WRITE_HISTORY_BOOKMARKS TelephonyManager.getSubscriberId mount Ljava.lang.Object.getClass READ_HISTORY_BOOKMARKS Ljava.lang.Class.forName INTERNET Binder IBinder android.os.IBinder TelephonyManager.getDeviceId WAKE_LOCK RECEIVE_BOOT_COMPLETED Ljava.lang.Class.getPackage ACCESS_NETWORK_STATE HttpPost.init HttpUriRequest TelephonyManager.getNetworkOperator Ljava.lang.Class.getResource findClass SET_ORIENTATION DEVICE_POWER ACCESS_WIFI_STATE,1
transact onServiceConnected bindService attachInterface ServiceConnection android.os.Binder Ljava.net.URLDecoder READ_PHONE_STATE Landroid.content.Context.registerReceiver Ljava.lang.Class.getField Landroid.content.Context.unregisterReceiver GET_ACCOUNTS Ljavax.crypto.spec.SecretKeySpec android.content.pm.PackageInfo KeySpec HttpGet.init SecretKey Ljava.lang.Class.getMethod Ljavax.crypto.Cipher mount Ljava.lang.Object.getClass Ljava.lang.Class.forName INTERNET Binder IBinder android.os.IBinder TelephonyManager.getDeviceId WAKE_LOCK VIBRATE ACCESS_NETWORK_STATE HttpPost.init HttpUriRequest TelephonyManager.getNetworkOperator ACCESS_WIFI_STATE WRITE_EXTERNAL_STORAGE,0
onServiceConnected bindService ServiceConnection android.os.Binder Ljava.lang.Class.getCanonicalName Ljava.lang.Class.getMethods Ljava.net.URLDecoder android.content.pm.Signature READ_PHONE_STATE ClassLoader Landroid.content.Context.registerReceiver Ljava.lang.Class.getField Landroid.content.Context.unregisterReceiver GET_ACCOUNTS Ljava.lang.Class.getDeclaredField Ljavax.crypto.spec.SecretKeySpec android.intent.action.BOOT_COMPLETED USE_CREDENTIALS android.content.pm.PackageInfo KeySpec SecretKey Ljava.lang.Class.getMethod Ljavax.crypto.Cipher TelephonyManager.getSubscriberId mount Runtime.getRuntime Ljava.lang.Object.getClass Ljava.lang.Class.forName INTERNET Binder IBinder android.os.IBinder TelephonyManager.getDeviceId WAKE_LOCK RECEIVE_BOOT_COMPLETED Ljava.lang.Class.getPackage TelephonyManager.getSimSerialNumber TelephonyManager.getSimCountryIso VIBRATE ACCESS_NETWORK_STATE HttpPost.init HttpUriRequest GET_TASKS WRITE_SETTINGS TelephonyManager.getNetworkOperator /system/app TelephonyManager.getSimOperator onBind FLASHLIGHT Ljava.lang.Class.getResource findClass WRITE_EXTERNAL_STORAGE,0
WRITE_USER_DICTIONARY READ_USER_DICTIONARY,0
transact onServiceConnected bindService attachInterface ServiceConnection android.os.Binder Ljava.lang.Class.getCanonicalName Ljava.lang.Class.getMethods Ljava.lang.Class.cast Ljava.net.URLDecoder android.content.pm.Signature READ_PHONE_STATE getBinder ClassLoader Landroid.content.Context.registerReceiver Ljava.lang.Class.getField GET_ACCOUNTS Ljava.lang.Class.getDeclaredField Ljavax.crypto.spec.SecretKeySpec android.content.pm.PackageInfo KeySpec DexClassLoader HttpGet.init SecretKey Ljava.lang.Class.getMethod Ljavax.crypto.Cipher TelephonyManager.getSubscriberId mount Ljava.lang.Object.getClass Ljava.lang.Class.forName INTERNET android.intent.action.PACKAGE_REPLACED Binder IBinder android.os.IBinder TelephonyManager.getDeviceId android.intent.action.PACKAGE_REMOVED WAKE_LOCK android.intent.action.PACKAGE_ADDED TelephonyManager.getSimSerialNumber TelephonyManager.getSimCountryIso VIBRATE ACCESS_NETWORK_STATE HttpPost.init HttpUriRequest android.intent.action.PACKAGE_CHANGED Runtime.exec TelephonyManager.getNetworkOperator TelephonyManager.getSimOperator WRITE_EXTERNAL_STORAGE,0
transact onServiceConnected bindService attachInterface ServiceConnection android.os.Binder Ljava.lang.Class.cast READ_PHONE_STATE ClassLoader GET_ACCOUNTS Ljava.lang.Class.getDeclaredField android.intent.action.BOOT_COMPLETED USE_CREDENTIALS MANAGE_ACCOUNTS Ljava.lang.Class.getMethod READ_SYNC_SETTINGS AUTHENTICATE_ACCOUNTS mount Ljava.lang.Object.getClass WRITE_SYNC_SETTINGS Ljava.lang.Class.forName INTERNET Binder IBinder android.os.IBinder URLClassLoader WAKE_LOCK RECEIVE_BOOT_COMPLETED READ_CALENDAR VIBRATE ACCESS_NETWORK_STATE HttpPost.init WRITE_CALENDAR HttpUriRequest Runtime.exec onBind Ljava.lang.Class.getResource WRITE_CONTACTS READ_CONTACTS WRITE_EXTERNAL_STORAGE,0
transact onServiceConnected bindService attachInterface ServiceConnection android.os.Binder Ljava.lang.Class.getCanonicalName Ljava.net.URLDecoder android.content.pm.Signature android.telephony.SmsManager READ_PHONE_STATE getBinder ClassLoader Landroid.content.Context.registerReceiver Ljava.lang.Class.getField Landroid.content.Context.unregisterReceiver Ljava.lang.Class.getDeclaredField getCallingUid Ljavax.crypto.spec.SecretKeySpec android.content.pm.PackageInfo KeySpec TelephonyManager.getLine1Number HttpGet.init SecretKey Ljava.lang.Class.getMethod Ljavax.crypto.Cipher TelephonyManager.getSubscriberId mount Runtime.getRuntime Ljava.lang.Object.getClass Ljava.lang.Class.forName INTERNET Binder IBinder android.os.IBinder abortBroadcast TelephonyManager.getDeviceId getCallingPid WAKE_LOCK Ljava.lang.Class.getPackage TelephonyManager.getSimSerialNumber TelephonyManager.getSimCountryIso VIBRATE ACCESS_NETWORK_STATE HttpPost.init HttpUriRequest Runtime.exec BIND_WALLPAPER TelephonyManager.getNetworkOperator TelephonyManager.getSimOperator onBind Ljava.lang.Class.getResource findClass ACCESS_WIFI_STATE WRITE_EXTERNAL_STORAGE,1
android.telephony.SmsManager READ_PHONE_STATE Landroid.content.Context.registerReceiver Landroid.content.Context.unregisterReceiver RECEIVE_SMS android.intent.action.BOOT_COMPLETED android.content.pm.PackageInfo Ljava.lang.Object.getClass Binder IBinder android.os.IBinder abortBroadcast WAKE_LOCK RECEIVE_BOOT_COMPLETED TelephonyManager.getCallState VIBRATE GET_TASKS WRITE_SETTINGS TelephonyManager.getNetworkOperator SET_ALARM TelephonyManager.getSimOperator onBind BROADCAST_SMS,0
READ_PHONE_STATE Ljava.lang.Class.getField android.content.pm.PackageInfo KeySpec SecretKey System.loadLibrary Ljavax.crypto.Cipher TelephonyManager.getSubscriberId mount Ljava.lang.Class.forName INTERNET Binder IBinder android.os.IBinder TelephonyManager.getDeviceId WAKE_LOCK SET_WALLPAPER /system/app onBind android.intent.action.SET_WALLPAPER WRITE_EXTERNAL_STORAGE,1
onServiceConnected bindService ServiceConnection android.os.Binder Ljava.net.URLDecoder READ_PHONE_STATE ClassLoader Landroid.content.Context.registerReceiver Landroid.content.Context.unregisterReceiver GET_ACCOUNTS Ljavax.crypto.spec.SecretKeySpec android.intent.action.BOOT_COMPLETED MANAGE_ACCOUNTS android.content.pm.PackageInfo KeySpec TelephonyManager.getLine1Number HttpGet.init SecretKey Ljava.lang.Class.getMethod System.loadLibrary android.intent.action.SEND Ljavax.crypto.Cipher READ_SYNC_SETTINGS AUTHENTICATE_ACCOUNTS mount Runtime.getRuntime Ljava.lang.Object.getClass WRITE_SYNC_SETTINGS Ljava.lang.Class.forName INTERNET android.intent.action.PACKAGE_REPLACED Binder android.intent.action.SEND_MULTIPLE IBinder android.os.IBinder BIND_REMOTEVIEWS android.intent.action.TIME_SET TelephonyManager.getDeviceId android.intent.action.TIMEZONE_CHANGED WAKE_LOCK RECEIVE_BOOT_COMPLETED RESTART_PACKAGES Ljava.lang.Class.getPackage READ_CALENDAR PackageInstaller VIBRATE ACCESS_NETWORK_STATE HttpPost.init WRITE_CALENDAR HttpUriRequest Runtime.exec android.intent.action.SENDTO TelephonyManager.getNetworkOperator BIND_DEVICE_ADMIN ACCOUNT_MANAGER PERSISTENT_ACTIVITY onBind CALL_PHONE intent.action.RUN WRITE_CONTACTS READ_CONTACTS ACCESS_WIFI_STATE WRITE_EXTERNAL_STORAGE,0
transact onServiceConnected bindService attachInterface ServiceConnection android.os.Binder Ljava.lang.Class.getCanonicalName Ljava.lang.Class.getMethods Ljava.lang.Class.cast Ljava.net.URLDecoder android.content.pm.Signature READ_PHONE_STATE getBinder ClassLoader Landroid.content.Context.registerReceiver Ljava.lang.Class.getField Landroid.content.Context.unregisterReceiver Ljava.lang.Class.getDeclaredField getCallingUid Ljavax.crypto.spec.SecretKeySpec android.content.pm.PackageInfo KeySpec DexClassLoader HttpGet.init SecretKey Ljava.lang.Class.getMethod System.loadLibrary Ljavax.crypto.Cipher mount Ljava.lang.Object.getClass Ljava.lang.Class.forName INTERNET Binder IBinder android.os.IBinder TelephonyManager.getDeviceId WAKE_LOCK Ljava.lang.Class.getPackage TelephonyManager.getSimCountryIso ACCESS_NETWORK_STATE HttpPost.init HttpUriRequest GET_TASKS TelephonyManager.getNetworkOperator onBind ACCESS_WIFI_STATE WRITE_EXTERNAL_STORAGE ACCESS_FINE_LOCATION,0
android.os.Binder ClassLoader Ljava.lang.Class.getDeclaredField android.content.pm.PackageInfo Ljava.lang.Class.getMethod Ljava.lang.Object.getClass Ljava.lang.Class.forName Binder IBinder android.os.IBinder URLClassLoader HttpPost.init HttpUriRequest onBind Ljava.lang.Class.getResource,0
transact onServiceConnected bindService attachInterface ServiceConnection android.os.Binder Ljava.lang.Class.getCanonicalName Ljava.lang.Class.getMethods Ljava.lang.Class.cast Ljava.net.URLDecoder android.content.pm.Signature ClassLoader Landroid.content.Context.registerReceiver Ljava.lang.Class.getField Landroid.content.Context.unregisterReceiver Ljava.lang.Class.getDeclaredField getCallingUid Ljavax.crypto.spec.SecretKeySpec android.content.pm.PackageInfo KeySpec DexClassLoader HttpGet.init SecretKey Ljava.lang.Class.getMethod Ljavax.crypto.Cipher mount Ljava.lang.Object.getClass Ljava.lang.Class.forName INTERNET Binder RECORD_AUDIO IBinder android.os.IBinder WAKE_LOCK READ_EXTERNAL_STORAGE VIBRATE ACCESS_NETWORK_STATE HttpUriRequest TelephonyManager.getNetworkOperator onBind WRITE_EXTERNAL_STORAGE,0
transact attachInterface android.os.Binder ClassLoader android.content.pm.PackageInfo Ljava.lang.Object.getClass Ljava.lang.Class.forName INTERNET Binder IBinder android.os.IBinder WAKE_LOCK ACCESS_NETWORK_STATE MASTER_CLEAR SET_WALLPAPER CHANGE_CONFIGURATION,0
transact onServiceConnected bindService attachInterface ServiceConnection android.os.Binder Ljava.lang.Class.getCanonicalName Ljava.lang.Class.getMethods Ljava.lang.Class.cast Ljava.net.URLDecoder android.content.pm.Signature ClassLoader Landroid.content.Context.registerReceiver Ljava.lang.Class.getField Landroid.content.Context.unregisterReceiver Ljava.lang.Class.getDeclaredField Ljavax.crypto.spec.SecretKeySpec android.intent.action.BOOT_COMPLETED android.content.pm.PackageInfo KeySpec DexClassLoader HttpGet.init SecretKey Ljava.lang.Class.getMethod System.loadLibrary Ljavax.crypto.Cipher Ljava.lang.Object.getClass Ljava.lang.Class.forName INTERNET Binder IBinder android.os.IBinder android.intent.action.TIME_SET TelephonyManager.getDeviceId android.intent.action.TIMEZONE_CHANGED WAKE_LOCK Ljava.lang.Class.getPackage android.intent.action.ACTION_SHUTDOWN ACCESS_NETWORK_STATE HttpPost.init HttpUriRequest BIND_WALLPAPER TelephonyManager.getNetworkOperator CHANGE_NETWORK_STATE onBind ACCESS_WIFI_STATE WRITE_EXTERNAL_STORAGE,0
transact onServiceConnected bindService attachInterface ServiceConnection android.os.Binder Ljava.lang.Class.getCanonicalName Ljava.lang.Class.cast Ljava.net.URLDecoder android.content.pm.Signature READ_PHONE_STATE ClassLoader Landroid.content.Context.registerReceiver Ljava.lang.Class.getField Landroid.content.Context.unregisterReceiver GET_ACCOUNTS Ljava.lang.Class.getDeclaredField getCallingUid Ljavax.crypto.spec.SecretKeySpec USE_CREDENTIALS MANAGE_ACCOUNTS android.content.pm.PackageInfo KeySpec HttpGet.init SecretKey Ljava.lang.Class.getMethod Ljavax.crypto.Cipher READ_SYNC_SETTINGS AUTHENTICATE_ACCOUNTS mount Runtime.getRuntime Ljava.lang.Object.getClass WRITE_SYNC_SETTINGS Ljava.lang.Class.forName INTERNET android.intent.action.PACKAGE_REPLACED Binder IBinder android.os.IBinder abortBroadcast getCallingPid READ_SYNC_STATS WAKE_LOCK android.intent.action.ACTION_POWER_DISCONNECTED SUBSCRIBED_FEEDS_WRITE ACCESS_NETWORK_STATE HttpPost.init SUBSCRIBED_FEEDS_READ HttpUriRequest Runtime.exec WRITE_SETTINGS /system/bin ACCOUNT_MANAGER TelephonyManager.getSimOperator onBind SYSTEM_ALERT_WINDOW android.intent.action.ACTION_POWER_CONNECTED ACCESS_WIFI_STATE WRITE_EXTERNAL_STORAGE,0
transact onServiceConnected bindService attachInterface ServiceConnection android.os.Binder Ljava.lang.Class.getCanonicalName Ljava.lang.Class.getMethods Ljava.lang.Class.cast Ljava.net.URLDecoder android.content.pm.Signature getBinder ClassLoader Landroid.content.Context.registerReceiver Ljava.lang.Class.getField Ljava.lang.Class.getDeclaredField Ljavax.crypto.spec.SecretKeySpec android.content.pm.PackageInfo KeySpec DexClassLoader HttpGet.init SecretKey Ljava.lang.Class.getMethod System.loadLibrary Ljavax.crypto.Cipher mount Runtime.getRuntime CAMERA Ljava.lang.Object.getClass Ljava.lang.Class.forName INTERNET Binder IBinder android.os.IBinder TelephonyManager.getDeviceId WAKE_LOCK Ljava.lang.Class.getPackage TelephonyManager.getSimCountryIso ACCESS_NETWORK_STATE HttpPost.init HttpUriRequest GET_TASKS Runtime.exec ACCESS_COARSE_LOCATION TelephonyManager.getNetworkOperator /system/bin onBind CALL_PHONE ProcessBuilder READ_LOGS Ljava.lang.Class.getResource SYSTEM_ALERT_WINDOW DISABLE_KEYGUARD WRITE_EXTERNAL_STORAGE ACCESS_FINE_LOCATION,0
READ_PHONE_STATE Landroid.content.Context.registerReceiver Ljava.lang.Class.getField Landroid.content.Context.unregisterReceiver android.content.pm.PackageInfo KeySpec TelephonyManager.getLine1Number HttpGet.init SecretKey Ljava.lang.Class.getMethod System.loadLibrary Ljavax.crypto.Cipher TelephonyManager.getSubscriberId mount Runtime.getRuntime Ljava.lang.Object.getClass Ljava.lang.Class.forName INTERNET TelephonyManager.getDeviceId WAKE_LOCK android.intent.action.PACKAGE_ADDED TelephonyManager.getSimSerialNumber ACCESS_NETWORK_STATE HttpPost.init HttpUriRequest Runtime.exec TelephonyManager.getNetworkOperator Ljava.lang.Class.getResource ACCESS_WIFI_STATE WRITE_EXTERNAL_STORAGE,1
READ_PHONE_STATE Landroid.content.Context.registerReceiver Landroid.content.Context.unregisterReceiver android.content.pm.PackageInfo TelephonyManager.getLine1Number HttpGet.init Ljava.lang.Object.getClass Ljava.lang.Class.forName INTERNET android.intent.action.PACKAGE_REPLACED BIND_REMOTEVIEWS TelephonyManager.getDeviceId WAKE_LOCK TelephonyManager.getSimSerialNumber ACCESS_NETWORK_STATE HttpPost.init HttpUriRequest TelephonyManager.getNetworkOperator WRITE_EXTERNAL_STORAGE,0
Ljava.lang.Class.getCanonicalName Ljava.lang.Class.cast Ljava.net.URLDecoder ClassLoader Landroid.content.Context.registerReceiver Ljava.lang.Class.getField Landroid.content.Context.unregisterReceiver Ljava.lang.Class.getDeclaredField android.content.pm.PackageInfo HttpGet.init Ljava.lang.Class.getMethod System.loadLibrary mount Runtime.getRuntime Ljava.lang.Object.getClass Ljava.lang.Class.forName INTERNET Binder IBinder android.os.IBinder TelephonyManager.getDeviceId WAKE_LOCK VIBRATE ACCESS_NETWORK_STATE HttpPost.init HttpUriRequest TelephonyManager.getNetworkOperator onBind WRITE_EXTERNAL_STORAGE,0
SEND_SMS android.telephony.SmsManager READ_PHONE_STATE RECEIVE_SMS READ_SMS android.intent.action.BOOT_COMPLETED android.content.pm.PackageInfo TelephonyManager.getLine1Number Ljava.lang.Class.getMethod WRITE_SMS INSTALL_PACKAGES Ljava.lang.Object.getClass INTERNET Binder IBinder android.os.IBinder abortBroadcast RECEIVE_BOOT_COMPLETED TelephonyManager.getSimCountryIso sendDataMessage HttpPost.init TelephonyManager.isNetworkRoaming HttpUriRequest divideMessage TelephonyManager.getSimOperator onBind WRITE_EXTERNAL_STORAGE,1
transact onServiceConnected bindService attachInterface ServiceConnection android.os.Binder android.content.pm.Signature READ_PHONE_STATE getBinder ClassLoader Landroid.content.Context.registerReceiver Ljava.lang.Class.getField Landroid.content.Context.unregisterReceiver Ljava.lang.Class.getDeclaredField Ljavax.crypto.spec.SecretKeySpec android.content.pm.PackageInfo KeySpec HttpGet.init SecretKey Ljava.lang.Class.getMethod System.loadLibrary Ljavax.crypto.Cipher mount CAMERA Ljava.lang.Object.getClass Ljava.lang.Class.forName INTERNET Binder RECORD_AUDIO IBinder android.os.IBinder TelephonyManager.getDeviceId MODIFY_AUDIO_SETTINGS WAKE_LOCK Ljava.lang.Class.getPackage TelephonyManager.getSimCountryIso VIBRATE ACCESS_NETWORK_STATE HttpPost.init HttpUriRequest TelephonyManager.getNetworkOperator onBind ACCESS_WIFI_STATE WRITE_EXTERNAL_STORAGE,0
transact onServiceConnected bindService attachInterface ServiceConnection android.os.Binder READ_PHONE_STATE ClassLoader Landroid.content.Context.registerReceiver Landroid.content.Context.unregisterReceiver android.intent.action.BOOT_COMPLETED Ljava.lang.Class.getMethod System.loadLibrary mount Ljava.lang.Object.getClass INTERNET android.intent.action.PACKAGE_REPLACED Binder IBinder android.os.IBinder android.intent.action.TIME_SET TelephonyManager.getDeviceId MODIFY_AUDIO_SETTINGS android.intent.action.PACKAGE_REMOVED android.intent.action.TIMEZONE_CHANGED WAKE_LOCK RECEIVE_BOOT_COMPLETED TelephonyManager.getSimSerialNumber TelephonyManager.getCallState BLUETOOTH android.intent.action.ACTION_SHUTDOWN ACCESS_NETWORK_STATE GET_TASKS REORDER_TASKS ACCESS_COARSE_LOCATION WRITE_SETTINGS onBind android.intent.action.SCREEN_ON android.intent.action.SCREEN_OFF ACCESS_SURFACE_FLINGER DISABLE_KEYGUARD ACCESS_MOCK_LOCATION WRITE_EXTERNAL_STORAGE ACCESS_FINE_LOCATION,0
transact onServiceConnected bindService attachInterface ServiceConnection android.os.Binder Ljava.lang.Class.getMethods Ljava.lang.Class.cast Ljava.net.URLDecoder android.content.pm.Signature READ_PHONE_STATE ClassLoader Landroid.content.Context.registerReceiver Ljava.lang.Class.getField Landroid.content.Context.unregisterReceiver Ljava.lang.Class.getDeclaredField Ljavax.crypto.spec.SecretKeySpec android.content.pm.PackageInfo KeySpec HttpGet.init SecretKey Ljava.lang.Class.getMethod Ljavax.crypto.Cipher mount Runtime.getRuntime Ljava.lang.Object.getClass Ljava.lang.Class.forName INTERNET Binder IBinder android.os.IBinder TelephonyManager.getDeviceId WAKE_LOCK BLUETOOTH ACCESS_NETWORK_STATE HttpPost.init HttpUriRequest GET_TASKS Runtime.exec WRITE_SETTINGS BLUETOOTH_ADMIN onBind Ljava.lang.Class.getResource findClass,0
android.content.pm.Signature ClassLoader Landroid.content.Context.registerReceiver Landroid.content.Context.unregisterReceiver Ljava.lang.Class.getDeclaredField android.content.pm.PackageInfo System.loadLibrary mount CAMERA Ljava.lang.Object.getClass Ljava.lang.Class.forName INTERNET RECORD_AUDIO ACCESS_NETWORK_STATE WRITE_EXTERNAL_STORAGE,0
onServiceConnected bindService ServiceConnection android.os.Binder getBinder TelephonyManager.getSubscriberId Runtime.getRuntime Ljava.lang.Object.getClass Binder IBinder android.os.IBinder TelephonyManager.getDeviceId chmod Runtime.exec /system/bin onBind Ljava.lang.Class.getResource,1
transact onServiceConnected bindService attachInterface ServiceConnection android.os.Binder READ_PHONE_STATE Ljavax.crypto.spec.SecretKeySpec android.content.pm.PackageInfo KeySpec SecretKey Ljavax.crypto.Cipher Ljava.lang.Object.getClass INTERNET Binder IBinder android.os.IBinder TelephonyManager.getSimSerialNumber ACCESS_NETWORK_STATE HttpPost.init TelephonyManager.getNetworkOperator onBind,0
READ_PHONE_STATE ClassLoader Landroid.content.Context.registerReceiver Landroid.content.Context.unregisterReceiver GET_ACCOUNTS Ljava.lang.Class.getDeclaredField READ_SMS android.intent.action.BOOT_COMPLETED HttpGet.init Ljava.lang.Class.getMethod WRITE_HISTORY_BOOKMARKS mount Ljava.lang.Object.getClass READ_HISTORY_BOOKMARKS Ljava.lang.Class.forName INTERNET Binder IBinder android.os.IBinder ACCESS_LOCATION_EXTRA_COMMANDS TelephonyManager.getDeviceId WAKE_LOCK RECEIVE_BOOT_COMPLETED Ljava.lang.Class.getPackage ACCESS_NETWORK_STATE HttpPost.init HttpUriRequest ACCESS_COARSE_LOCATION TelephonyManager.getNetworkOperator Ljava.lang.Class.getResource findClass READ_CONTACTS ACCESS_WIFI_STATE ACCESS_FINE_LOCATION,1
transact onServiceConnected bindService attachInterface ServiceConnection android.os.Binder Ljava.lang.Class.getCanonicalName Ljava.lang.Class.getMethods Ljava.lang.Class.cast Ljava.net.URLDecoder android.content.pm.Signature getBinder ClassLoader Landroid.content.Context.registerReceiver Ljava.lang.Class.getField Landroid.content.Context.unregisterReceiver GET_ACCOUNTS Ljava.lang.Class.getDeclaredField getCallingUid Ljavax.crypto.spec.SecretKeySpec USE_CREDENTIALS android.content.pm.PackageInfo KeySpec DexClassLoader HttpGet.init SecretKey Ljava.lang.Class.getMethod System.loadLibrary Ljavax.crypto.Cipher READ_SYNC_SETTINGS mount Runtime.getRuntime Ljava.lang.Object.getClass WRITE_SYNC_SETTINGS Ljava.lang.Class.forName INTERNET Binder IBinder android.os.IBinder BIND_REMOTEVIEWS TelephonyManager.getDeviceId WAKE_LOCK Ljava.lang.Class.getPackage TelephonyManager.getSimCountryIso ACCESS_NETWORK_STATE HttpPost.init HttpUriRequest Runtime.exec TelephonyManager.getNetworkOperator TelephonyManager.getSimOperator onBind Ljava.lang.Class.getResource ACCESS_WIFI_STATE WRITE_EXTERNAL_STORAGE,0
transact onServiceConnected bindService attachInterface ServiceConnection android.os.Binder SEND_SMS Ljava.lang.Class.getCanonicalName Ljava.lang.Class.getMethods Ljava.lang.Class.cast Ljava.net.URLDecoder android.content.pm.Signature android.telephony.SmsManager READ_PHONE_STATE ClassLoader Landroid.content.Context.registerReceiver Ljava.lang.Class.getField Landroid.content.Context.unregisterReceiver GET_ACCOUNTS RECEIVE_SMS Ljava.lang.Class.getDeclaredField READ_SMS Ljavax.crypto.spec.SecretKeySpec android.intent.action.BOOT_COMPLETED USE_CREDENTIALS android.content.pm.PackageInfo KeySpec DexClassLoader HttpGet.init SecretKey Ljava.lang.Class.getMethod System.loadLibrary Ljavax.crypto.Cipher WRITE_SMS TelephonyManager.getSubscriberId mount Runtime.getRuntime Ljava.lang.Object.getClass READ_HISTORY_BOOKMARKS Ljava.lang.Class.forName INTERNET android.intent.action.PACKAGE_REPLACED Binder IBinder android.os.IBinder abortBroadcast android.intent.action.TIME_SET TelephonyManager.getDeviceId getCallingPid android.intent.action.PACKAGE_REMOVED WAKE_LOCK RECEIVE_BOOT_COMPLETED chmod android.intent.action.ACTION_POWER_DISCONNECTED android.intent.action.PACKAGE_ADDED READ_CALL_LOG sendMultipartTextMessage PackageInstaller VIBRATE remount android.intent.action.ACTION_SHUTDOWN sendDataMessage ACCESS_NETWORK_STATE HttpPost.init TelephonyManager.isNetworkRoaming HttpUriRequest WRITE_CALL_LOG GET_TASKS android.intent.action.NEW_OUTGOING_CALL divideMessage PROCESS_OUTGOING_CALLS Runtime.exec WRITE_SETTINGS REBOOT TelephonyManager.getNetworkOperator /system/bin KILL_BACKGROUND_PROCESSES /system/app TelephonyManager.getSimOperator onBind RECEIVE_MMS CALL_PHONE READ_LOGS WRITE_CONTACTS android.intent.action.ACTION_POWER_CONNECTED GET_PACKAGE_SIZE MODIFY_PHONE_STATE READ_CONTACTS ACCESS_WIFI_STATE WRITE_EXTERNAL_STORAGE,0
ClassLoader android.content.pm.PackageInfo Ljava.lang.Object.getClass Ljava.lang.Class.forName Ljava.lang.Class.getResource,0
transact onServiceConnected bindService attachInterface ServiceConnection android.os.Binder Ljava.lang.Class.getCanonicalName Ljava.lang.Class.getMethods Ljava.lang.Class.cast Ljava.net.URLDecoder android.content.pm.Signature READ_PHONE_STATE ClassLoader Landroid.content.Context.registerReceiver Ljava.lang.Class.getField Landroid.content.Context.unregisterReceiver GET_ACCOUNTS Ljava.lang.Class.getDeclaredField Ljavax.crypto.spec.SecretKeySpec android.content.pm.PackageInfo KeySpec DexClassLoader HttpGet.init SecretKey Ljava.lang.Class.getMethod Ljavax.crypto.Cipher mount Runtime.getRuntime Ljava.lang.Object.getClass Ljava.lang.Class.forName INTERNET android.intent.action.PACKAGE_REPLACED Binder IBinder android.os.IBinder WAKE_LOCK VIBRATE ACCESS_NETWORK_STATE HttpPost.init HttpUriRequest ACCESS_COARSE_LOCATION TelephonyManager.getNetworkOperator /system/app onBind ACCESS_WIFI_STATE WRITE_EXTERNAL_STORAGE,0
transact onServiceConnected bindService attachInterface ServiceConnection android.os.Binder SEND_SMS Ljava.lang.Class.getCanonicalName Ljava.lang.Class.getMethods Ljava.lang.Class.cast Ljava.net.URLDecoder android.content.pm.Signature android.telephony.SmsManager getBinder ClassLoader Landroid.content.Context.registerReceiver Ljava.lang.Class.getField Landroid.content.Context.unregisterReceiver GET_ACCOUNTS Ljava.lang.Class.getDeclaredField READ_SMS getCallingUid Ljavax.crypto.spec.SecretKeySpec android.intent.action.BOOT_COMPLETED USE_CREDENTIALS MANAGE_ACCOUNTS android.content.pm.PackageInfo KeySpec HttpGet.init SecretKey Ljava.lang.Class.getMethod System.loadLibrary Ljavax.crypto.Cipher WRITE_SMS READ_SYNC_SETTINGS mount INSTALL_PACKAGES Ljava.lang.Object.getClass READ_HISTORY_BOOKMARKS Ljava.lang.Class.forName INTERNET android.intent.action.PACKAGE_REPLACED Binder RECORD_AUDIO IBinder android.os.IBinder READ_PROFILE MODIFY_AUDIO_SETTINGS BROADCAST_STICKY android.intent.action.PACKAGE_REMOVED WAKE_LOCK RECEIVE_BOOT_COMPLETED android.intent.action.ACTION_POWER_DISCONNECTED android.intent.action.PACKAGE_ADDED BLUETOOTH READ_CALENDAR READ_EXTERNAL_STORAGE TelephonyManager.getSimCountryIso sendMultipartTextMessage VIBRATE ACCESS_NETWORK_STATE WRITE_CALENDAR android.intent.action.PACKAGE_DATA_CLEARED HttpUriRequest GLOBAL_SEARCH android.intent.action.PACKAGE_CHANGED SET_WALLPAPER BIND_INPUT_METHOD divideMessage Runtime.exec ACCESS_COARSE_LOCATION WRITE_SETTINGS TelephonyManager.getNetworkOperator SET_ALARM STATUS_BAR TelephonyManager.getSimOperator onBind CALL_PHONE BIND_APPWIDGET android.intent.action.SET_WALLPAPER android.intent.action.ACTION_POWER_CONNECTED READ_CONTACTS ACCESS_WIFI_STATE WRITE_EXTERNAL_STORAGE ACCESS_FINE_LOCATION SET_WALLPAPER_HINTS,0
transact onServiceConnected bindService attachInterface ServiceConnection android.os.Binder Ljava.lang.Class.getCanonicalName Ljava.lang.Class.getMethods Ljava.lang.Class.cast Ljava.net.URLDecoder android.content.pm.Signature getBinder ClassLoader Landroid.content.Context.registerReceiver Ljava.lang.Class.getField Landroid.content.Context.unregisterReceiver GET_ACCOUNTS Ljava.lang.Class.getDeclaredField Ljavax.crypto.spec.SecretKeySpec android.intent.action.BOOT_COMPLETED USE_CREDENTIALS MANAGE_ACCOUNTS android.content.pm.PackageInfo KeySpec HttpGet.init SecretKey Ljava.lang.Class.getMethod android.intent.action.SEND Ljavax.crypto.Cipher Runtime.getRuntime Ljava.lang.Object.getClass Ljava.lang.Class.forName INTERNET android.intent.action.PACKAGE_REPLACED Binder IBinder android.os.IBinder BIND_REMOTEVIEWS android.intent.action.TIME_SET TelephonyManager.getDeviceId android.intent.action.PACKAGE_REMOVED android.intent.action.TIMEZONE_CHANGED WAKE_LOCK RECEIVE_BOOT_COMPLETED Ljava.lang.Class.getPackage android.intent.action.PACKAGE_ADDED READ_CALENDAR VIBRATE ACCESS_NETWORK_STATE HttpPost.init HttpUriRequest android.intent.action.PACKAGE_CHANGED Runtime.exec /system/app onBind Ljava.lang.Class.getResource findClass,0
transact attachInterface android.os.Binder android.content.pm.Signature ClassLoader android.content.pm.PackageInfo Ljava.lang.Object.getClass INTERNET Binder IBinder android.os.IBinder ACCESS_NETWORK_STATE SET_WALLPAPER CHANGE_CONFIGURATION,0
transact onServiceConnected bindService attachInterface ServiceConnection android.os.Binder Ljava.lang.Class.cast Ljava.net.URLDecoder android.content.pm.Signature READ_PHONE_STATE ClassLoader Landroid.content.Context.registerReceiver Landroid.content.Context.unregisterReceiver Ljava.lang.Class.getDeclaredField Ljavax.crypto.spec.SecretKeySpec android.intent.action.BOOT_COMPLETED android.content.pm.PackageInfo KeySpec HttpGet.init SecretKey Ljava.lang.Class.getMethod Ljavax.crypto.Cipher mount Runtime.getRuntime Ljava.lang.Object.getClass Ljava.lang.Class.forName INTERNET android.intent.action.PACKAGE_REPLACED Binder IBinder android.os.IBinder TelephonyManager.getDeviceId getCallingPid android.intent.action.PACKAGE_REMOVED WAKE_LOCK RECEIVE_BOOT_COMPLETED android.intent.action.PACKAGE_ADDED ACCESS_NETWORK_STATE HttpPost.init HttpUriRequest Runtime.exec DUMP TelephonyManager.getNetworkOperator TelephonyManager.getSimOperator onBind ACCESS_WIFI_STATE WRITE_EXTERNAL_STORAGE,0
transact onServiceConnected bindService attachInterface ServiceConnection android.os.Binder Ljava.lang.Class.getCanonicalName Ljava.lang.Class.getMethods Ljava.net.URLDecoder android.content.pm.Signature READ_PHONE_STATE getBinder ClassLoader Landroid.content.Context.registerReceiver Ljava.lang.Class.getField Landroid.content.Context.unregisterReceiver Ljava.lang.Class.getDeclaredField Ljavax.crypto.spec.SecretKeySpec android.content.pm.PackageInfo KeySpec DexClassLoader HttpGet.init SecretKey Ljava.lang.Class.getMethod System.loadLibrary Ljavax.crypto.Cipher TelephonyManager.getSubscriberId mount Runtime.getRuntime CAMERA Ljava.lang.Object.getClass READ_HISTORY_BOOKMARKS Ljava.lang.Class.forName INTERNET android.intent.action.PACKAGE_REPLACED Binder RECORD_AUDIO IBinder android.os.IBinder TelephonyManager.getDeviceId getCallingPid WAKE_LOCK chmod android.intent.action.ACTION_POWER_DISCONNECTED android.intent.action.PACKAGE_ADDED TelephonyManager.getSimSerialNumber TelephonyManager.getCallState VIBRATE ACCESS_NETWORK_STATE HttpPost.init HttpUriRequest GET_TASKS SET_WALLPAPER Runtime.exec BIND_WALLPAPER ACCESS_COARSE_LOCATION WRITE_SETTINGS TelephonyManager.getNetworkOperator IRemoteService STATUS_BAR TelephonyManager.getSimOperator PERSISTENT_ACTIVITY CHANGE_NETWORK_STATE onBind CALL_PHONE READ_LOGS SYSTEM_ALERT_WINDOW CHANGE_WIFI_STATE EXPAND_STATUS_BAR android.intent.action.ACTION_POWER_CONNECTED ACCESS_WIFI_STATE WRITE_EXTERNAL_STORAGE ACCESS_FINE_LOCATION,0
transact onServiceConnected bindService attachInterface ServiceConnection android.os.Binder Ljava.lang.Class.getCanonicalName Ljava.lang.Class.getMethods Ljava.lang.Class.cast Ljava.net.URLDecoder android.content.pm.Signature getBinder ClassLoader Landroid.content.Context.registerReceiver Ljava.lang.Class.getField Landroid.content.Context.unregisterReceiver GET_ACCOUNTS Ljava.lang.Class.getDeclaredField getCallingUid Ljavax.crypto.spec.SecretKeySpec android.content.pm.PackageInfo KeySpec DexClassLoader HttpGet.init SecretKey Ljava.lang.Class.getMethod System.loadLibrary Ljavax.crypto.Cipher mount Runtime.getRuntime Ljava.lang.Object.getClass Ljava.lang.Class.forName INTERNET Binder RECORD_AUDIO IBinder android.os.IBinder abortBroadcast MODIFY_AUDIO_SETTINGS WAKE_LOCK Ljava.lang.Class.getPackage BLUETOOTH TelephonyManager.getSimCountryIso VIBRATE ACCESS_NETWORK_STATE HttpPost.init HttpUriRequest REORDER_TASKS Runtime.exec TelephonyManager.getNetworkOperator TelephonyManager.getSimOperator onBind Ljava.lang.Class.getResource defineClass findClass WRITE_EXTERNAL_STORAGE ACCESS_FINE_LOCATION,0
Ljava.lang.Class.cast Ljava.lang.Object.getClass NFC WAKE_LOCK CALL_PHONE READ_CONTACTS WRITE_SECURE_SETTINGS,0
transact onServiceConnected bindService attachInterface ServiceConnection android.os.Binder Ljava.lang.Class.getCanonicalName Ljava.lang.Class.getMethods Ljava.lang.Class.cast android.content.pm.Signature getBinder ClassLoader Landroid.content.Context.registerReceiver Ljava.lang.Class.getField Landroid.content.Context.unregisterReceiver GET_ACCOUNTS Ljava.lang.Class.getDeclaredField getCallingUid Ljavax.crypto.spec.SecretKeySpec android.intent.action.BOOT_COMPLETED USE_CREDENTIALS MANAGE_ACCOUNTS android.content.pm.PackageInfo KeySpec DexClassLoader HttpGet.init SecretKey Ljava.lang.Class.getMethod System.loadLibrary android.intent.action.SEND Ljavax.crypto.Cipher mount Runtime.getRuntime CAMERA Ljava.lang.Object.getClass Ljava.lang.Class.forName INTERNET Binder android.intent.action.SEND_MULTIPLE IBinder android.os.IBinder NFC WAKE_LOCK RECEIVE_BOOT_COMPLETED TelephonyManager.getSimCountryIso ACCESS_NETWORK_STATE HttpPost.init HttpUriRequest Runtime.exec TelephonyManager.getNetworkOperator CHANGE_NETWORK_STATE onBind ACCESS_WIFI_STATE WRITE_EXTERNAL_STORAGE,0
transact onServiceConnected bindService attachInterface ServiceConnection android.os.Binder Ljava.lang.Class.getCanonicalName Ljava.lang.Class.getMethods Ljava.lang.Class.cast Ljava.net.URLDecoder android.content.pm.Signature READ_PHONE_STATE getBinder ClassLoader Landroid.content.Context.registerReceiver Ljava.lang.Class.getField Landroid.content.Context.unregisterReceiver Ljava.lang.Class.getDeclaredField getCallingUid Ljavax.crypto.spec.SecretKeySpec android.intent.action.BOOT_COMPLETED android.content.pm.PackageInfo KeySpec DexClassLoader HttpGet.init SecretKey Ljava.lang.Class.getMethod System.loadLibrary Ljavax.crypto.Cipher mount CAMERA Ljava.lang.Object.getClass Ljava.lang.Class.forName INTERNET Binder IBinder android.os.IBinder TelephonyManager.getDeviceId WAKE_LOCK READ_EXTERNAL_STORAGE ACCESS_NETWORK_STATE HttpPost.init HttpUriRequest GET_TASKS WRITE_SETTINGS TelephonyManager.getNetworkOperator TelephonyManager.getSimOperator onBind FLASHLIGHT CHANGE_CONFIGURATION ACCESS_WIFI_STATE WRITE_EXTERNAL_STORAGE,0
READ_PHONE_STATE Ljava.lang.Class.getDeclaredField android.content.pm.PackageInfo HttpGet.init Ljava.lang.Class.getMethod System.loadLibrary mount Ljava.lang.Object.getClass INTERNET WAKE_LOCK ACCESS_NETWORK_STATE CHANGE_WIFI_MULTICAST_STATE HttpUriRequest ACCESS_WIFI_STATE WRITE_EXTERNAL_STORAGE,0
transact onServiceConnected bindService attachInterface ServiceConnection android.os.Binder Ljava.lang.Class.getCanonicalName Ljava.lang.Class.getMethods Ljava.lang.Class.cast Ljava.net.URLDecoder android.content.pm.Signature READ_PHONE_STATE getBinder ClassLoader Landroid.content.Context.registerReceiver Ljava.lang.Class.getField Landroid.content.Context.unregisterReceiver GET_ACCOUNTS Ljava.lang.Class.getDeclaredField Ljavax.crypto.spec.SecretKeySpec android.intent.action.BOOT_COMPLETED android.content.pm.PackageInfo KeySpec DexClassLoader HttpGet.init SecretKey Ljava.lang.Class.getMethod System.loadLibrary Ljavax.crypto.Cipher mount Runtime.getRuntime Ljava.lang.Object.getClass Ljava.lang.Class.forName INTERNET android.intent.action.PACKAGE_REPLACED Binder IBinder android.os.IBinder TelephonyManager.getDeviceId MODIFY_AUDIO_SETTINGS android.intent.action.TIMEZONE_CHANGED WAKE_LOCK RECEIVE_BOOT_COMPLETED Ljava.lang.Class.getPackage Ljava.lang.Class.getDeclaredClasses android.intent.action.PACKAGE_ADDED TelephonyManager.getCallState BLUETOOTH TelephonyManager.getSimCountryIso VIBRATE sendDataMessage ACCESS_NETWORK_STATE HttpPost.init HttpUriRequest Runtime.exec BLUETOOTH_ADMIN TelephonyManager.getNetworkOperator /system/app onBind READ_LOGS ACCESS_WIFI_STATE WRITE_EXTERNAL_STORAGE ACCESS_FINE_LOCATION,0
transact onServiceConnected bindService attachInterface ServiceConnection android.os.Binder Ljava.lang.Class.getCanonicalName Ljava.lang.Class.cast Ljava.net.URLDecoder android.content.pm.Signature getBinder ClassLoader Landroid.content.Context.registerReceiver Ljava.lang.Class.getField Landroid.content.Context.unregisterReceiver GET_ACCOUNTS Ljava.lang.Class.getDeclaredField Ljavax.crypto.spec.SecretKeySpec android.content.pm.PackageInfo KeySpec DexClassLoader HttpGet.init SecretKey Ljava.lang.Class.getMethod System.loadLibrary Ljavax.crypto.Cipher mount Runtime.getRuntime Ljava.lang.Object.getClass Ljava.lang.Class.forName INTERNET Binder IBinder android.os.IBinder Ljava.lang.Class.getPackage VIBRATE ACCESS_NETWORK_STATE HttpPost.init Ljava.lang.Class.getClasses CHANGE_WIFI_MULTICAST_STATE HttpUriRequest TelephonyManager.getNetworkOperator Ljava.lang.Class.getResource findClass ACCESS_WIFI_STATE WRITE_EXTERNAL_STORAGE,0
transact onServiceConnected bindService attachInterface ServiceConnection android.os.Binder Ljava.lang.Class.getCanonicalName Ljava.lang.Class.cast Ljava.net.URLDecoder android.content.pm.Signature READ_PHONE_STATE getBinder ClassLoader Landroid.content.Context.registerReceiver Ljava.lang.Class.getField Landroid.content.Context.unregisterReceiver GET_ACCOUNTS Ljava.lang.Class.getDeclaredField getCallingUid Ljavax.crypto.spec.SecretKeySpec MANAGE_ACCOUNTS android.content.pm.PackageInfo KeySpec HttpGet.init SecretKey Ljava.lang.Class.getMethod android.intent.action.SEND Ljavax.crypto.Cipher READ_SYNC_SETTINGS AUTHENTICATE_ACCOUNTS mount Runtime.getRuntime Ljava.lang.Object.getClass WRITE_SYNC_SETTINGS Ljava.lang.Class.forName INTERNET Binder IBinder android.os.IBinder READ_PROFILE TelephonyManager.getDeviceId READ_SYNC_STATS BROADCAST_STICKY WAKE_LOCK Ljava.lang.Class.getPackage READ_CALENDAR VIBRATE ACCESS_NETWORK_STATE HttpPost.init HttpUriRequest Runtime.exec TelephonyManager.getNetworkOperator onBind Ljava.lang.Class.getResource findClass WRITE_CONTACTS READ_CONTACTS WRITE_EXTERNAL_STORAGE,0
transact onServiceConnected bindService attachInterface ServiceConnection android.os.Binder Ljava.lang.Class.getCanonicalName Ljava.lang.Class.cast android.content.pm.Signature getBinder ClassLoader Landroid.content.Context.registerReceiver Ljava.lang.Class.getField Landroid.content.Context.unregisterReceiver GET_ACCOUNTS Ljava.lang.Class.getDeclaredField getCallingUid Ljavax.crypto.spec.SecretKeySpec USE_CREDENTIALS MANAGE_ACCOUNTS android.content.pm.PackageInfo KeySpec HttpGet.init SecretKey Ljava.lang.Class.getMethod System.loadLibrary Ljavax.crypto.Cipher READ_SYNC_SETTINGS WRITE_HISTORY_BOOKMARKS mount CAMERA Ljava.lang.Object.getClass WRITE_SYNC_SETTINGS READ_HISTORY_BOOKMARKS Ljava.lang.Class.forName INTERNET Binder RECORD_AUDIO IBinder android.os.IBinder NFC BIND_REMOTEVIEWS MODIFY_AUDIO_SETTINGS getCallingPid READ_SYNC_STATS WAKE_LOCK android.intent.action.ACTION_POWER_DISCONNECTED VIBRATE ACCESS_NETWORK_STATE HttpPost.init HttpUriRequest GLOBAL_SEARCH ACCESS_COARSE_LOCATION /system/app onBind android.intent.action.ACTION_POWER_CONNECTED ACCESS_WIFI_STATE WRITE_EXTERNAL_STORAGE ACCESS_FINE_LOCATION,0
READ_PHONE_STATE Landroid.content.Context.registerReceiver Landroid.content.Context.unregisterReceiver android.content.pm.PackageInfo Runtime.getRuntime Ljava.lang.Object.getClass INTERNET TelephonyManager.getDeviceId WAKE_LOCK RESTART_PACKAGES BLUETOOTH VIBRATE ACCESS_NETWORK_STATE GET_TASKS Runtime.exec BLUETOOTH_ADMIN KILL_BACKGROUND_PROCESSES /system/app TelephonyManager.getSimOperator CHANGE_WIFI_STATE ACCESS_WIFI_STATE ACCESS_FINE_LOCATION,0
transact onServiceConnected bindService attachInterface ServiceConnection android.os.Binder Ljava.lang.Class.getCanonicalName Ljava.lang.Class.getMethods Ljava.lang.Class.cast Ljava.net.URLDecoder android.content.pm.Signature READ_PHONE_STATE getBinder ClassLoader Landroid.content.Context.registerReceiver Ljava.lang.Class.getField Landroid.content.Context.unregisterReceiver GET_ACCOUNTS Ljava.lang.Class.getDeclaredField getCallingUid Ljavax.crypto.spec.SecretKeySpec USE_CREDENTIALS MANAGE_ACCOUNTS android.content.pm.PackageInfo KeySpec TelephonyManager.getLine1Number HttpGet.init SecretKey Ljava.lang.Class.getMethod System.loadLibrary Ljavax.crypto.Cipher AUTHENTICATE_ACCOUNTS mount INSTALL_PACKAGES Runtime.getRuntime Ljava.lang.Object.getClass Ljava.lang.Class.forName INTERNET android.intent.action.PACKAGE_REPLACED Binder IBinder android.os.IBinder android.intent.action.PACKAGE_REMOVED WAKE_LOCK Ljava.lang.Class.getPackage android.intent.action.PACKAGE_ADDED PackageInstaller ACCESS_NETWORK_STATE HttpPost.init Ljava.lang.Class.getClasses HttpUriRequest DELETE_PACKAGES GET_TASKS Runtime.exec TelephonyManager.getNetworkOperator /system/bin TelephonyManager.getSimOperator onBind READ_LOGS Ljava.lang.Class.getResource findClass ACCESS_WIFI_STATE WRITE_EXTERNAL_STORAGE,0
Ljava.net.URLDecoder HttpGet.init mount Ljava.lang.Object.getClass Ljava.lang.Class.forName INTERNET ACCESS_NETWORK_STATE HttpUriRequest,0
transact onServiceConnected bindService attachInterface ServiceConnection android.os.Binder Ljava.lang.Class.getCanonicalName Ljava.lang.Class.getMethods Ljava.lang.Class.cast Ljava.net.URLDecoder android.content.pm.Signature ClassLoader Landroid.content.Context.registerReceiver Ljava.lang.Class.getField Landroid.content.Context.unregisterReceiver GET_ACCOUNTS Ljava.lang.Class.getDeclaredField getCallingUid Ljavax.crypto.spec.SecretKeySpec android.intent.action.BOOT_COMPLETED USE_CREDENTIALS MANAGE_ACCOUNTS android.content.pm.PackageInfo KeySpec DexClassLoader HttpGet.init SecretKey Ljava.lang.Class.getMethod System.loadLibrary android.intent.action.SEND Ljavax.crypto.Cipher READ_SYNC_SETTINGS mount Runtime.getRuntime CAMERA Ljava.lang.Object.getClass WRITE_SYNC_SETTINGS Ljava.lang.Class.forName INTERNET Binder android.intent.action.SEND_MULTIPLE IBinder android.os.IBinder NFC BIND_REMOTEVIEWS WAKE_LOCK RECEIVE_BOOT_COMPLETED Ljava.lang.Class.getPackage TelephonyManager.getSimCountryIso ACCESS_NETWORK_STATE HttpPost.init HttpUriRequest Runtime.exec TelephonyManager.getNetworkOperator CHANGE_NETWORK_STATE onBind ACCESS_WIFI_STATE WRITE_EXTERNAL_STORAGE,0
Ljava.net.URLDecoder READ_PHONE_STATE ClassLoader Landroid.content.Context.registerReceiver Landroid.content.Context.unregisterReceiver READ_SMS Ljavax.crypto.spec.SecretKeySpec KeySpec TelephonyManager.getLine1Number HttpGet.init SecretKey mount Ljava.lang.Object.getClass INTERNET Binder IBinder android.os.IBinder HttpPost.init HttpUriRequest ACCESS_COARSE_LOCATION CALL_PHONE Ljava.lang.Class.getResource READ_CONTACTS WRITE_EXTERNAL_STORAGE ACCESS_FINE_LOCATION,1
transact attachInterface android.os.Binder READ_PHONE_STATE RECEIVE_SMS READ_SMS android.intent.action.BOOT_COMPLETED HttpGet.init SecretKey WRITE_SMS Ljava.lang.Object.getClass READ_HISTORY_BOOKMARKS Ljava.lang.Class.forName INTERNET Binder IBinder android.os.IBinder android.intent.action.TIME_SET TelephonyManager.getDeviceId MODIFY_AUDIO_SETTINGS WAKE_LOCK RECEIVE_BOOT_COMPLETED TelephonyManager.getCallState VIBRATE HttpPost.init HttpUriRequest GET_TASKS android.intent.action.NEW_OUTGOING_CALL PROCESS_OUTGOING_CALLS ACCESS_COARSE_LOCATION WRITE_SETTINGS onBind CALL_PHONE WRITE_CONTACTS DISABLE_KEYGUARD MODIFY_PHONE_STATE READ_CONTACTS WRITE_EXTERNAL_STORAGE ACCESS_FINE_LOCATION,1
